{"cameraMode":{"drawMode":0,"name":"Shaded","section":"Shading Mode"},"sceneLighting":true,"audioPlay":false,"sceneViewState":{"showFog":true,"showMaterialUpdate":true,"showSkybox":true,"showFlares":true,"showImageEffects":true,"showParticleSystems":true},"in2DMode":false,"pivot":{"x":-0.20597410202026368,"y":0.0059999823570251469,"z":8.07374095916748},"rotation":{"x":-0.3205479383468628,"y":0.18921561539173127,"z":-0.06551212072372437,"w":-0.9258325099945068},"size":37.196067810058597,"orthographic":false}